zone,n,BD,CEC,Fragm,Sand,Silt,Clay,N,OCD,pH,SOC,SOC_status,pH_status,CEC_status,VR_priority
Zone 10,59,1.3753406779661017,13.811125423728814,16.52918813559322,78.87060169491525,12.749745762711864,8.374616949152543,3.2643050847457626,14.234940677966101,7.658864406779661,13.725262711864406,Marginal,Alkaline — gypsum or S may be needed,Marginal,HIGH
Zone 7,40,1.38009,13.8881,16.695149999999998,77.8318075,13.39989,8.7833275,2.8498775,13.9354575,7.669125,13.80678,Marginal,Alkaline — gypsum or S may be needed,Marginal,HIGH
